Sector,Date,Price,Volume,%Change,abschange,Volatility
Energy,44235,62.18,4.8662,0,0,0
Energy,44242,64.019997,3.207,0.0295914602766163,2.95914602766163,0.0209243222268077
Energy,44249,66.650002,7.9798,0.0410809922405964,4.10809922405964,0.00812432596438989
Energy,44256,73.449997,8.8315,0.102025428296311,10.2025428296311,0.0430942240105858
Energy,44263,74.470001,7.7422,0.0138870529838142,1.38870529838142,0.0623232428662315
Energy,44270,69.010002,6.6388,-0.073318100264293,7.3318100264293,0.0616633552161487
Energy,44277,69.959999,6.0272,0.013766076981131,1.3766076981131,0.0615778122642905
Energy,44284,69.830002,4.9896,-0.00185816183330711,0.185816183330711,0.0110480052165672
Energy,44291,66.779999,4.5683,-0.0436775442165961,4.36775442165961,0.0295707688682569
Energy,44298,67.07,3.8707,0.00434263258973688,0.434263258973688,0.033955392653535
Energy,44305,65.809998,4.1066,-0.0187863724466975,1.87863724466975,0.0163546763033605
Energy,44312,68.290001,3.9878,0.0376842892473574,3.76842892473574,0.0399307878219576
Energy,44319,74.550003,3.8479,0.0916679148972337,9.16679148972337,0.0381721877700635
Energy,44326,74.309998,7.27,-0.00321938283490086,0.321938283490086,0.0670954516748593
Energy,44333,72.660004,4.2547,-0.0222041992249817,2.22041992249817,0.0134242924090077
Energy,44340,72.760002,3.0009,0.00137624545134907,0.137624545134907,0.0166738923340277
Energy,44347,78.050003,3.9162,0.0727047945930512,7.27047945930512,0.0504369007902955
Energy,44354,77.760002,4.3818,-0.00371557961375102,0.371557961375102,0.0540373648224434
Energy,44361,73.620003,6.029,-0.0532407265112982,5.32407265112982,0.0350195672105155
Energy,44368,77.879997,4.0076,0.0578646268188825,5.78646268188825,0.0785633487658981
Energy,44375,77.010002,3.883,-0.0111709685864524,1.11709685864524,0.0488155376543632
Energy,44382,74.459999,3.4943,-0.0331126208774803,3.31126208774803,0.0155150911254232
Energy,44389,68.400002,7.3176,-0.0813859398520808,8.13859398520808,0.0341343911973212
Energy,44396,68.230003,11.1759,-0.00248536542440458,0.248536542440458,0.0557911312173237
Energy,44403,69.290001,6.0405,0.0155356581180277,1.55356581180277,0.0127427879507763
Energy,44410,69.269997,6.5192,-0.00028869966389522,0.028869966389522,0.0111895106955198
Energy,44417,68.919998,4.4946,-0.00505267814577781,0.505267814577781,0.00336864148996597
Energy,44424,64.040001,7.1176,-0.0708066909694339,7.08066909694339,0.0464951083578344
Energy,44431,69.239998,4.3826,0.0811992023547907,8.11992023547907,0.107484397949878
Energy,44438,68.599998,4.0989,-0.00924321228316616,0.924321228316616,0.0639524446973848
Energy,44445,67.410004,2.9887,-0.0173468518176925,1.73468518176925,0.00573013846715495
Energy,44452,69.639999,4.6899,0.0330810690947296,3.30810690947296,0.0356579248383126
Energy,44459,72.82,5.0472,0.0456634268475504,4.56634268475504,0.0088970704903347
Energy,44466,76.18,6.8793,0.0461411700082397,4.61411700082397,0.000337815428588877
Energy,44473,79.959999,8.0174,0.0496193095300603,4.96193095300603,0.00245941604179231
Energy,44480,81.059998,6.8398,0.0137568661050134,1.37568661050134,0.0253585769357696
Energy,44487,82.040001,5.1556,0.0120898473251876,1.20898473251876,0.00117876028358013
Energy,44494,81.220001,4.6482,-0.00999512420776305,0.999512420776305,0.0156164331332613
Energy,44501,82.489998,4.819,0.0156365055942318,1.56365055942318,0.0181242992458538
Energy,44508,81.260002,4.4269,-0.0149108501614947,1.49108501614947,0.0216002424021921
Energy,44515,77,7.8909,-0.0524243403292065,5.24243403292065,0.0265260432835639
Energy,44522,78,5.6589,0.0129870129870129,1.29870129870129,0.0462528114964879
Energy,44529,77.019997,10.3408,-0.012564141025641,1.2564141025641,0.0180673942694894
Energy,44536,80.220001,6.8485,0.0415477035139329,4.15477035139329,0.0382628522164449
Energy,44543,75.139999,8.9061,-0.063325878043806,6.3325878043806,0.0741568206867976
Energy,44550,76.93,5.8786,0.0238222121882115,2.38222121882115,0.0616230055705166
Energy,44557,77.610001,3.9282,0.00883921747042749,0.883921747042749,0.0105945771674273
Energy,44564,85.519997,10.4253,0.10191980283572,10.191980283572,0.0658179131086115
Energy,44571,90.050003,8.7418,0.0529701374989524,5.29701374989524,0.0346126402964403
Energy,44578,86.410004,8.2782,-0.0404219753329714,4.04219753329714,0.0660381962927925
Energy,44585,90.790001,13.512,0.0506885406462891,5.06885406462891,0.0644248636863404
Energy,44592,95.18,10.5194,0.0483533313321585,4.83533313321585,0.00165124234151178
Energy,44599,96.209999,1.7112,0.0108215906703089,1.08215906703089,0.0265389483317287
Materials,44235,162.270004,0.6165,0,0,0
Materials,44242,163.639999,0.4302,0.0084426879042907,0.84426879042907,0.0059698818685656
Materials,44249,160.130005,0.6861,-0.0214494868091509,2.14494868091509,0.0211369594442876
Materials,44256,164.770004,0.8723,0.0289764494792839,2.89764494792839,0.0356565214972331
Materials,44263,172.979996,0.8774,0.0498269818576931,4.98269818576931,0.0147435528361228
Materials,44270,171,0.7784,-0.0114463871302205,1.14463871302205,0.0433268147174992
Materials,44277,174.399994,0.8615,0.0198830058479531,1.98830058479531,0.0221532262253248
Materials,44284,174.550003,0.7772,0.000860143378216049,0.0860143378216049,0.0134511950499301
Materials,44291,175.110001,0.6696,0.00320823827198669,0.320823827198669,0.00166035382225472
Materials,44298,180.839996,1.0096,0.032722260106663,3.2722260106663,0.0208695649793875
Materials,44305,181.210007,0.6704,0.0020460683929675,0.20460683929675,0.0216913431817327
Materials,44312,181.559998,0.5785,0.00193141099542049,0.193141099542049,8.10750233186949E-05
Materials,44319,193.039993,1.0192,0.0632297594539519,6.32297594539519,0.0433444778705635
Materials,44326,192.660004,1.3761,-0.00196844702537891,0.196844702537891,0.0461020939227355
Materials,44333,189.589996,0.8814,-0.0159348486258725,1.59348486258725,0.00987573728048365
Materials,44340,191.380005,0.6346,0.00944147390561678,0.944147390561678,0.017943769743593
Materials,44347,192.589996,0.6635,0.00632245254670161,0.632245254670161,0.0022054811535546
Materials,44354,189.589996,0.7227,-0.0155771330926244,1.55771330926244,0.015485345510743
Materials,44361,176.880005,1.0581,-0.0670393547558279,6.70393547558279,0.0363892859129764
Materials,44368,180.449997,0.7813,0.0201831292349861,2.01831292349861,0.0616756099018397
Materials,44375,181.940002,0.658,0.00825716278620936,0.825716278620936,0.00843293174813329
Materials,44382,182.050003,0.8996,0.000604600411074019,0.0604600411074019,0.00541117874891123
Materials,44389,176.979996,1.4092,-0.0278495298898732,2.78495298898732,0.0201201084885654
Materials,44396,178.240005,0.7581,0.00711949953937174,0.711949953937174,0.0247268378409311
Materials,44403,183.589996,0.4522,0.0300156578204764,3.00156578204764,0.0161900287836897
Materials,44410,183.350006,0.5302,-0.00130720630333259,0.130720630333259,0.0221486096281302
Materials,44417,188.800003,0.6687,0.0297245531587274,2.97245531587274,0.0219427675477724
Materials,44424,182.479996,0.4286,-0.0334746128155518,3.34746128155518,0.0446885588257469
Materials,44431,188.100006,0.4096,0.0307979511354219,3.07979511354219,0.0454475658139795
Materials,44438,186.800003,0.3719,-0.00691123316604259,0.691123316604259,0.0266644199325789
Materials,44445,183.259995,0.3102,-0.0189507919868717,1.89507919868717,0.00851325368470256
Materials,44452,177.490005,0.3591,-0.0314852676930391,3.14852676930391,0.008863212770449
Materials,44459,177.690002,0.7162,0.0011268071123216,0.11268071123216,0.0230602192434335
Materials,44466,176.039993,0.4748,-0.00928588542646303,0.928588542646303,0.00736288550458518
Materials,44473,177.320007,0.5363,0.00727115457224548,0.727115457224548,0.0117075952594637
Materials,44480,183.830002,0.7079,0.0367132570663613,3.67132570663613,0.0208187103259787
Materials,44487,185.550003,0.4884,0.00935647599024669,0.935647599024669,0.0193441654103565
Materials,44494,185.889999,0.4556,0.00183236860416525,0.183236860416525,0.00532034735507398
Materials,44501,192.320007,0.3759,0.0345903923534907,3.45903923534907,0.023163420731418
Materials,44508,197.259995,0.4412,0.0256862927422834,2.56862927422834,0.00629614921544519
Materials,44515,192.919998,0.5248,-0.0220014047957368,2.20014047957368,0.0337202943083071
Materials,44522,188.869995,0.2801,-0.020993173553734,2.0993173553734,0.000712927148224299
Materials,44529,185.169998,0.4944,-0.0195901789482231,1.95901789482231,0.00099206699952487
Materials,44536,191.919998,0.4523,0.0364529895388346,3.64529895388346,0.0396285044763787
Materials,44543,189.460007,0.3913,-0.0128177940060212,1.28177940060212,0.0348397051589421
Materials,44550,191.850006,0.3413,0.0126147942135355,1.26147942135355,0.0179835555931737
Materials,44557,196.880005,0.3047,0.0262183937591329,2.62183937591329,0.00961919748723817
Materials,44564,194.5,0.5936,-0.0120886069664616,1.20886069664616,0.0270871399799859
Materials,44571,193.889999,0.5803,-0.00313625192802058,0.313625192802058,0.00633027095527122
Materials,44578,182.259995,0.7021,-0.0599824852234899,5.99824852234899,0.0401963570481389
Materials,44585,180.309998,0.7007,-0.0106989852600402,1.06989852600402,0.0348486970247623
Materials,44592,180.779999,0.8193,0.00260662750381702,0.260662750381702,0.00940848901316572
Materials,44599,180.25,0.0839,-0.00293173472138364,0.293173472138364,0.0039162134861068
Industrials,44235,177.089996,0.7706,0,0,0
Industrials,44242,177.960007,0.4395,0.00491281845192426,0.491281845192426,0.00347388724209404
Industrials,44249,176.270004,0.9653,-0.00949653255520488,0.949653255520488,0.0101889498096382
Industrials,44256,180.740005,0.9814,0.0253588296282106,2.53588296282106,0.0246464629606062
Industrials,44263,188.520004,1.542,0.0430452516585911,4.30452516585911,0.0125061889526092
Industrials,44270,186.720001,1.1264,-0.00954807427226667,0.954807427226667,0.0371890974108638
Industrials,44277,188.889999,0.9108,0.0116216687466706,1.16216687466706,0.0149692688446671
Industrials,44284,190.529999,0.9897,0.00868230191477748,0.868230191477748,0.00207844621922644
Industrials,44291,193.479996,0.736,0.0154831103526116,1.54831103526116,0.00480889776394322
Industrials,44298,195.059998,0.8829,0.0081662292364324,0.81662292364324,0.00517381625438613
Industrials,44305,196.089996,0.7075,0.00528041633631116,0.528041633631116,0.00204057787091135
Industrials,44312,196.050003,0.6145,-0.000203952270976693,0.0203952270976693,0.00387803423273986
Industrials,44319,201.740005,0.9836,0.0290232181225725,2.90232181225725,0.0206667303801733
Industrials,44326,200.190002,0.834,-0.00768317121832129,0.768317121832129,0.0259553368158196
Industrials,44333,197.009995,0.7631,-0.0158849441442135,1.58849441442135,0.0057995292536506
Industrials,44340,200.970001,0.5831,0.0201005334780096,2.01005334780096,0.0254455752509107
Industrials,44347,201.25,0.4488,0.00139323778975342,0.139323778975342,0.0132280556388278
Industrials,44354,198.529999,0.5309,-0.0135155329192547,1.35155329192547,0.010542092867495
Industrials,44361,190.830002,0.9374,-0.0387850553507533,3.87850553507533,0.0178682506686582
Industrials,44368,196.759995,0.8548,0.0310747415912096,3.10747415912096,0.0493983361499772
Industrials,44375,197.770004,0.696,0.00513320301720888,0.513320301720888,0.0183434378400883
Industrials,44382,197.850006,0.4926,0.000404520394306163,0.0404520394306163,0.0033436835487335
Industrials,44389,193.770004,1.5482,-0.0206216925765471,2.06216925765471,0.0148677777743629
Industrials,44396,197.229996,1.396,0.0178561796386194,1.78561796386194,0.0272079643689737
Industrials,44403,197.330002,0.459,0.000507052689896259,0.0507052689896259,0.0122676853131084
Industrials,44410,197.589996,0.5171,0.00131755940487954,0.131755940487954,0.000573114794361912
Industrials,44417,199.880005,0.5574,0.0115897011304156,1.15897011304156,0.00726350107143581
Industrials,44424,195.210007,0.7285,-0.0233640078205922,2.33640078205922,0.0247160046268785
Industrials,44431,200.229996,0.6087,0.0257158384303526,2.57158384303526,0.0347046921036363
Industrials,44438,199.570007,0.348,-0.00329615448826159,0.329615448826159,0.0205145769284882
Industrials,44445,194.559998,0.4451,-0.0251040177595424,2.51040177595424,0.0154204880023117
Industrials,44452,191.910004,0.4154,-0.0136204462748813,1.36204462748813,0.0081201112690443
Industrials,44459,194.059998,0.6731,0.0112031366535745,1.12031366535745,0.0175529238220578
Industrials,44466,190.789993,0.4706,-0.0168504845599349,1.68504845599349,0.0198369057969113
Industrials,44473,193.75,0.457,0.0155144772189388,1.55144772189388,0.022885483946685
Industrials,44480,197.380005,0.5237,0.0187355096774193,1.87355096774193,0.00227761389381353
Industrials,44487,200.839996,1.0179,0.0175295922198402,1.75295922198402,0.000852712411805452
Industrials,44494,200.649994,1.1056,-0.000946036664928096,0.0946036664928096,0.0130642424711057
Industrials,44501,205.949997,0.4293,0.0264141697407676,2.64141697407676,0.019346587484131
Industrials,44508,207.080002,0.6317,0.00548679299082488,0.548679299082488,0.0147978900123302
Industrials,44515,204.889999,1.7172,-0.0105756373326673,1.05756373326673,0.0113578534040778
Industrials,44522,199.160004,0.4418,-0.027966201512842,2.7966201512842,0.0122969858604614
Industrials,44529,196.300003,1.1186,-0.0143603180485976,1.43603180485976,0.00962081246160114
Industrials,44536,201.789993,1.0125,0.0279673454717166,2.79673454717166,0.0299301779069967
Industrials,44543,195.550003,0.6056,-0.0309231885448353,3.09231885448353,0.041641895950801
Industrials,44550,199.839996,1.064,0.0219380871091064,2.19380871091064,0.0373785664770735
Industrials,44557,202.960007,0.3511,0.0156125453485296,1.56125453485296,0.00447283347358252
Industrials,44564,202.279999,0.752,-0.00335045317573324,0.335045317573324,0.0134088648481368
Industrials,44571,201.029999,0.6082,-0.00617955312526974,0.617955312526974,0.00200047575897178
Industrials,44578,191.039993,0.7564,-0.0496941056046067,4.96941056046067,0.0307694351384371
Industrials,44585,187.429993,2.1799,-0.0188965668565535,1.88965668565535,0.0217771484926039
Industrials,44592,188.669998,0.6194,0.00661583015691614,0.661583015691614,0.0180399889325478
Industrials,44599,188.889999,0.069,0.0011660624494203,0.11660624494203,0.00385356770186177
Industrials,44599,188.889999,0.393,0,0,0.000824530665272091
Con.Disc,44242,73.790001,0.228,0,0,0
Con.Disc,44249,72.260002,0.6783,-0.0207345030392397,2.07345030392397,0.0146615077035795
Con.Disc,44256,71.919998,0.6905,-0.00470528633530887,0.470528633530887,0.0113343678284582
Con.Disc,44263,75.449997,1.8529,0.0490823011424442,4.90823011424442,0.0380335678491838
Con.Disc,44270,75.480003,0.5938,0.000397693852790981,0.0397693852790981,0.0344252159539178
Con.Disc,44277,74.82,0.5216,-0.00874407755389206,0.874407755389206,0.00646420855372286
Con.Disc,44284,75.720001,0.5151,0.0120288826516974,1.20288826516974,0.0146887010266906
Con.Disc,44291,77.669998,0.5158,0.0257527334158383,2.57527334158383,0.00970422793931617
Con.Disc,44298,78.410004,0.3095,0.00952756558587775,0.952756558587775,0.0114729261984549
Con.Disc,44305,77.580002,0.3551,-0.0105854094842287,1.05854094842287,0.0142220210619083
Con.Disc,44312,78,0.3283,0.00541374051524257,0.541374051524257,0.0113131074578469
Con.Disc,44319,77.650002,0.5495,-0.00448715384615384,0.448715384615384,0.00700098954275505
Con.Disc,44326,76.160004,0.5726,-0.0191886408451091,1.91886408451091,0.0103955211504871
Con.Disc,44333,75.360001,0.39,-0.0105042405197353,1.05042405197353,0.00614079836061045
Con.Disc,44340,76.690002,0.24,0.0176486329929855,1.76486329929855,0.019907087770732
Con.Disc,44347,75.989998,0.2233,-0.0091277087201016,0.91277087201016,0.0189337328006921
Con.Disc,44354,76.5,0.2042,0.00671143589186562,0.671143589186562,0.0111999665633164
Con.Disc,44361,75.389999,0.5134,-0.014509816993464,1.4509816993464,0.0150056918204912
Con.Disc,44368,77.650002,2.1215,0.0299774907809722,2.99774907809722,0.0314572770040369
Con.Disc,44375,78.480003,0.3404,0.0106890016564327,1.06890016564327,0.0136390214588049
Con.Disc,44382,78.910004,0.2009,0.00547911548882074,0.547911548882074,0.00368394583832842
Con.Disc,44389,77.129997,1.3609,-0.0225574313746074,2.25574313746074,0.0198248324081845
Con.Disc,44396,79.32,0.4658,0.0283936611588353,2.83936611588353,0.0360278630392607
Con.Disc,44403,78.110001,0.3156,-0.01525465204236,1.525465204236,0.0308640182519195
Con.Disc,44410,78.370003,0.3341,0.00332866466100801,0.332866466100801,0.0131403892578887
Con.Disc,44417,78.57,0.3465,0.00255195855996071,0.255195855996071,0.000549214151039508
Con.Disc,44424,78.169998,0.3059,-0.00509102710958365,0.509102710958365,0.00540440699544642
Con.Disc,44431,79.230003,0.2253,0.0135602536410451,1.35602536410451,0.0131884470965837
Con.Disc,44438,79.959999,1.2512,0.0092136308514339,0.92136308514339,0.00307352644979405
Con.Disc,44445,79.330002,0.2928,-0.00787890204951103,0.787890204951103,0.0120862459219123
Con.Disc,44452,79.360001,0.2382,0.000378154534774966,0.0378154534774966,0.00583862070338966
Con.Disc,44459,79.650002,0.2918,0.00365424642572787,0.365424642572787,0.00231654679188306
Con.Disc,44466,78.190002,0.3143,-0.0183301941411125,1.83301941411125,0.0155453470054054
Con.Disc,44473,78.779999,0.2954,0.00754568339824302,0.754568339824302,0.0182970084772309
Con.Disc,44480,80.580002,0.188,0.0228484770607829,2.28484770607829,0.0108207091698804
Con.Disc,44487,81.919998,0.3446,0.0166293865319092,1.66293865319092,0.00439756108577963
Con.Disc,44494,83.910004,0.2485,0.0242920660227555,2.42920660227555,0.00541833263003651
Con.Disc,44501,86.980003,0.3806,0.0365868055494312,3.65868055494312,0.00869369369223467
Con.Disc,44508,85.25,1.1858,-0.0198896636046333,1.98896636046333,0.0399348943163119
Con.Disc,44515,86.349998,0.301,0.0129032023460411,1.29032023460411,0.0231880578882633
Con.Disc,44522,83.800003,0.1908,-0.0295309213556669,2.95309213556669,0.0300054566231866
Con.Disc,44529,81.290001,3.0878,-0.0299522900971734,2.99522900971734,0.000297952694499249
Con.Disc,44536,83.589996,0.4272,0.028293701214249,2.8293701214249,0.0411861354332395
Con.Disc,44543,80.5,2.5291,-0.0369660981919415,3.69660981919415,0.0461456466989911
Con.Disc,44550,83.300003,0.8331,0.0347826459627329,3.47826459627329,0.050734023533389
Con.Disc,44557,84,0.4605,0.0084033250274913,0.84033250274913,0.0186529967164056
Con.Disc,44564,81.75,0.8061,-0.0267857142857143,2.67857142857143,0.0248824083218077
Con.Disc,44571,79.889999,0.5987,-0.0227523058103976,2.27523058103976,0.00285205048419176
Con.Disc,44578,73.699997,4.1902,-0.0774815631178066,7.74815631178066,0.0386994289713724
Con.Disc,44585,73.239998,4.8894,-0.0062415063598984,0.62415063598984,0.0503743272256314
Con.Disc,44592,75.550003,1.8203,0.0315402111288972,3.15402111288972,0.0267157086412017
Con.Disc,44599,75.470001,0.1522,-0.00105892782029415,0.105892782029415,0.0230510722118157
Con.Stap,44235,172.199997,0.4836,0,0,0
Con.Stap,44242,169.889999,0.5212,-0.0134146227656439,1.34146227656439,0.00948557072464622
Con.Stap,44249,165.699997,0.7244,-0.0246630291639474,2.46630291639474,0.00795382444178255
Con.Stap,44256,169.259995,0.6305,0.0214845990612782,2.14845990612782,0.0326313008537327
Con.Stap,44263,173.740005,1.7589,0.0264682153629983,2.64682153629983,0.00352394888177808
Con.Stap,44270,173.699997,0.4809,-0.000230275117121148,0.0230275117121148,0.0188786836659369
Con.Stap,44277,178.779999,0.455,0.0292458381562322,2.92458381562322,0.0208427595786109
Con.Stap,44284,177.720001,0.4978,-0.00592906368681656,0.592906368681656,0.0248724116207909
Con.Stap,44291,179.899994,0.627,0.0122664471513254,1.22664471513254,0.0128661691008035
Con.Stap,44298,182.440002,0.5996,0.0141189999150306,1.41189999150306,0.00130995262172184
Con.Stap,44305,181.800003,0.6381,-0.00350799711129135,0.350799711129135,0.0124641691292674
Con.Stap,44312,181.5,0.478,-0.00165018149092111,0.165018149092111,0.00131367402335809
Con.Stap,44319,184.660004,0.5014,0.0174104903581267,1.74104903581267,0.0134779303184332
Con.Stap,44326,185.380005,0.5669,0.00389906305861465,0.389906305861465,0.00955402186699401
Con.Stap,44333,185.089996,0.4353,-0.00156440280600922,0.156440280600922,0.00386325376165677
Con.Stap,44340,184.830002,0.3943,-0.00140468964081675,0.140468964081675,0.000112934262152367
Con.Stap,44347,186.679993,0.2885,0.010009148839375,1.0009148839375,0.00807080258871153
Con.Stap,44354,185.270004,0.3817,-0.0075529732851447,0.75529732851447,0.0124182956462742
Con.Stap,44361,179.360001,0.5135,-0.0318994055832157,3.18994055832157,0.0172155273756652
Con.Stap,44368,181.919998,1.239,0.0142729537562836,1.42729537562836,0.0326487883923419
Con.Stap,44375,182.149994,0.3158,0.00126427002269436,0.126427002269436,0.00919852848233207
Con.Stap,44382,182.800003,0.3082,0.00356853703766813,0.356853703766813,0.00162936283195244
Con.Stap,44389,184.220001,0.9174,0.00776804144800813,0.776804144800813,0.00296949804617423
Con.Stap,44396,185.029999,1.5668,0.00439690584954455,0.439690584954455,0.00238375284197297
Con.Stap,44403,185.5,0.4041,0.00254013404604736,0.254013404604736,0.00131293593336884
Con.Stap,44410,184.169998,0.4531,-0.00716982210242589,0.716982210242589,0.00686597583760945
Con.Stap,44417,187.979996,0.3611,0.0206873977378226,2.06873977378226,0.0196980290540441
Con.Stap,44424,188.369995,0.5491,0.00207468352111251,0.207468352111251,0.0131611764389229
Con.Stap,44431,186.470001,0.349,-0.0100865002411875,1.00865002411875,0.00859925550557808
Con.Stap,44438,188.960007,0.5383,0.0133533865321318,1.33533865321318,0.016574502887659
Con.Stap,44445,186.25,0.3772,-0.0143416961240904,1.43416961240904,0.0195833807517367
Con.Stap,44452,185.210007,0.3418,-0.00558385503355707,0.558385503355707,0.00619272882367032
Con.Stap,44459,184.419998,0.4219,-0.00426547686486511,0.426547686486511,0.000932234143250386
Con.Stap,44466,179.690002,0.4755,-0.0256479560313193,2.56479560313193,0.0151196960171798
Con.Stap,44473,182.119995,0.4743,0.0135232510042489,1.35232510042489,0.0276982261221125
Con.Stap,44480,183.809998,0.3346,0.00927961259827637,0.927961259827637,0.00300070549376685
Con.Stap,44487,185.460007,0.4066,0.00897670974350362,0.897670974350362,0.000214184662650573
Con.Stap,44494,185.679993,0.3405,0.00118616408765693,0.118616408765693,0.0055087476623926
Con.Stap,44501,190.600006,0.8895,0.0264972704948347,2.64972704948347,0.0178976549798497
Con.Stap,44508,189.910004,0.7159,-0.00362015728373077,0.362015728373077,0.0212962374141198
Con.Stap,44515,187.899994,0.7642,-0.0105840132571425,1.05840132571425,0.0049241897820059
Con.Stap,44522,187.259995,0.3587,-0.00340606184372727,0.340606184372727,0.00507557811945349
Con.Stap,44529,185.830002,0.6867,-0.00763640413426259,0.763640413426259,0.00299130372037775
Con.Stap,44536,192.220001,1.1103,0.034386261266897,3.4386261266897,0.0297145116686933
Con.Stap,44543,193.369995,0.843,0.0059826968786667,0.59826968786667,0.0200843529887864
Con.Stap,44550,195.050003,0.5596,0.00868804904297593,0.868804904297593,0.00191297286088076
Con.Stap,44557,199.880005,0.6197,0.0247628911853952,2.47628911853952,0.011366629885408
Con.Stap,44564,200.589996,0.9039,0.00355208616289548,0.355208616289548,0.0149983040658352
Con.Stap,44571,199.759995,1.0713,-0.00413779857695395,0.413779857695395,0.00543756964609049
Con.Stap,44578,195.820007,1.0314,-0.0197236088236786,1.97236088236786,0.0110208321157458
Con.Stap,44585,194.770004,2.0139,-0.00536208233308866,0.536208233308866,0.0101551327696864
Con.Stap,44592,194.970001,1.6841,0.0010268367607571,0.10268367607571,0.00451764801571055
Con.Stap,44599,195.520004,0.1153,0.00282096218484407,0.282096218484407,0.00126863825367109
Healthcare,44235,78.57,0.6032,0,0,0
Healthcare,44242,76.75,0.4831,-0.0231640575283186,2.31640575283186,0.0163794621580694
Healthcare,44249,74.57,1.2498,-0.0284039087947884,2.84039087947884,0.00370513436292968
Healthcare,44256,74.580002,1.1869,0.00013412900630283,0.013412900630283,0.0201794400509096
Healthcare,44263,75.720001,0.6011,0.0152855855380643,1.52855855380643,0.0107136976584617
Healthcare,44270,76.220001,0.8261,0.00660327513730485,0.660327513730485,0.00613932056074346
Healthcare,44277,77.419998,0.3109,0.0157438596727388,1.57438596727388,0.00646336930901426
Healthcare,44284,77.139999,0.2539,-0.00361662370489857,0.361662370489857,0.0136899290833768
Healthcare,44291,78.019997,0.3085,0.0114078041406249,1.14078041406249,0.0106238748130177
Healthcare,44298,80.019997,0.639,0.0256344536901225,2.56344536901225,0.0100597603700143
Healthcare,44305,81.290001,0.7479,0.0158710828244595,1.58710828244595,0.0069037457463495
Healthcare,44312,79.550003,0.4686,-0.0214048219780437,2.14048219780437,0.0263580450607142
Healthcare,44319,81.309998,1.5081,0.0221243863435177,2.21243863435177,0.0307797983838579
Healthcare,44326,81.050003,0.8903,-0.00319757725243075,0.319757725243075,0.017905332171654
Healthcare,44333,81.93,0.2732,0.0108574579571576,1.08574579571576,0.00993841070651564
Healthcare,44340,81.610001,0.3071,-0.00390576101550111,0.390576101550111,0.0104391722477089
Healthcare,44347,81,0.5571,-0.00747458635615006,0.747458635615006,0.00252354059924326
Healthcare,44354,82.540001,0.7061,0.0190123580246915,1.90123580246915,0.018729097984604
Healthcare,44361,81.879997,0.5165,-0.00799617145631004,0.799617145631004,0.019097914345893
Healthcare,44368,83.25,0.6035,0.0167318398900282,1.67318398900282,0.0174853445082537
Healthcare,44375,84.370003,0.4795,0.0134534894894895,1.34534894894895,0.00231814379932655
Healthcare,44382,84.610001,0.5245,0.00284458920784925,0.284458920784925,0.00750162533007973
Healthcare,44389,84.209999,0.5614,-0.00472759715485649,0.472759715485649,0.00535434432547752
Healthcare,44396,85.849998,0.3203,0.0194751100757049,1.94751100757049,0.0171138984058026
Healthcare,44403,86.110001,0.6589,0.0030285731631583,0.30285731631583,0.0116294577778966
Healthcare,44410,86.639999,0.6769,0.00615489483039267,0.615489483039267,0.00221064325107185
Healthcare,44417,87.529999,0.4227,0.0102723916236425,1.02723916236425,0.00291150990402079
Healthcare,44424,88.879997,0.65,0.0154232607725724,1.54232607725724,0.00364221450421293
Healthcare,44431,88.089996,1.6689,-0.00888840039002259,0.888840039002259,0.0171909404699805
Healthcare,44438,89.599998,0.8729,0.0171415832508381,1.71415832508381,0.0184059779466275
Healthcare,44445,86.879997,0.8575,-0.0303571546954722,3.03571546954722,0.0335866796996388
Healthcare,44452,86.790001,0.3517,-0.00103586559746316,0.103586559746316,0.0207332823543334
Healthcare,44459,86.639999,0.4071,-0.0017283327373161,0.17283327373161,0.000489648210338865
Healthcare,44466,83.75,0.6285,-0.0333564062021746,3.33564062021746,0.0223644252228678
Healthcare,44473,83.5,0.4318,-0.0029850746268657,0.29850746268657,0.021475774510566
Healthcare,44480,84.330002,0.5702,0.00994014371257479,0.994014371257479,0.0091395095361351
Healthcare,44487,86.400002,0.3377,0.0245464241777205,2.45464241777205,0.0103281999648171
Healthcare,44494,87.339996,0.874,0.0108795599333436,1.08795599333436,0.00966393238475487
Healthcare,44501,87.360001,0.7628,0.000229047411451688,0.0229047411451688,0.00753104962734197
Healthcare,44508,87.400002,0.4096,0.000457886899520643,0.0457886899520643,0.000161813953816816
Healthcare,44515,86.860001,0.3185,-0.00617850100278039,0.617850100278039,0.00469263488830143
Healthcare,44522,85.669998,0.2625,-0.0137002416106349,1.37002416106349,0.00531867379014013
Healthcare,44529,84.580002,0.717,-0.0127231939470807,1.27231939470807,0.000690877028441661
Healthcare,44536,86.959999,0.5034,0.0281390038274059,2.81390038274059,0.0288939371405253
Healthcare,44543,87.919998,0.6276,0.011039547045073,1.1039547045073,0.0120911418453938
Healthcare,44550,89.339996,0.4068,0.0161510240252734,1.61510240252734,0.00361436003457858
Healthcare,44557,90.339996,0.5385,0.0111931950388715,1.11931950388715,0.00350571449624797
Healthcare,44564,86.410004,0.6313,-0.0435022379234996,4.35022379234996,0.0386755115476268
Healthcare,44571,85.919998,0.7928,-0.00567070914613077,0.567070914613077,0.0267509305411315
Healthcare,44578,83.330002,1.8557,-0.0301442744446992,3.01442744446992,0.0173054239824295
Healthcare,44585,83.389999,0.7406,0.000719992782431511,0.0719992782431511,0.0218243326526579
Healthcare,44592,84.190002,0.6132,0.00959351252660401,0.959351252660401,0.00627452598409709
Healthcare,44599,84.199997,0.8686,0.000118719560073144,0.0118719560073144,0.00669969035697258
Financials,44235,78.43,2.7996,0,0,0
Financials,44242,80.440002,2.0568,0.0256279739895449,2.56279739895449,0.0181217141960796
Financials,44249,80.18,3.6961,-0.00323224755762686,0.323224755762686,0.0204072583625512
Financials,44256,83.529999,4.3007,0.0417809802943376,4.17809802943376,0.0318291586572193
Financials,44263,86.709999,5.7417,0.0380701548912983,3.80701548912983,0.00262394980628843
Financials,44270,85.18,3.8127,-0.0176450123128243,1.76450123128243,0.0393965725449774
Financials,44277,85.410004,3.2874,0.00270021131721054,0.270021131721054,0.0143862455935544
Financials,44284,85.529999,4.8764,0.00140492909940626,0.140492909940626,0.000915902839759759
Financials,44291,87.019997,2.5653,0.0174207648476647,1.74207648476647,0.0113249060639635
Financials,44298,87.760002,2.9612,0.00850384998289533,0.850384998289533,0.00630521096814159
Financials,44305,87.940002,3.8282,0.00205104826684033,0.205104826684033,0.00456281985107468
Financials,44312,89.800003,2.7927,0.0211507955162429,2.11507955162429,0.0135055607990017
Financials,44319,93.230003,2.9279,0.0381959898152786,3.81959898152786,0.0120527724754904
Financials,44326,93.309998,4.2465,0.000858039230139163,0.0858039230139163,0.0264019180543603
Financials,44333,92.599998,2.0571,-0.00760904528151418,0.760904528151418,0.00598713287506967
Financials,44340,93.510002,2.3158,0.0098272572316902,0.98272572316902,0.0123293277459069
Financials,44347,94.489998,2.1918,0.0104801195491366,1.04801195491366,0.000461643371847538
Financials,44354,92.589996,3.072,-0.0201079695228695,2.01079695228695,0.0216290452063537
Financials,44361,87.129997,3.164,-0.0589696428974896,5.89696428974896,0.0274793527714506
Financials,44368,91.379997,3.0584,0.0487776901908994,4.87776901908994,0.0761888698815655
Financials,44375,91.029999,3.9019,-0.00383013801149501,0.383013801149501,0.03719935206541
Financials,44382,90.389999,3.7817,-0.00703064931374986,0.703064931374986,0.00226310324508859
Financials,44389,88.82,7.1998,-0.0173691671354042,1.73691671354042,0.00731043605910972
Financials,44396,89.269997,3.4686,0.00506639270434595,0.506639270434595,0.0158643365024039
Financials,44403,90.190002,1.661,0.0103058701794287,1.03058701794287,0.00370487005250522
Financials,44410,93.360001,1.5671,0.0351480089777578,3.51480089777578,0.0175660448034759
Financials,44417,94.959999,2.7525,0.0171379389766717,1.71379389766717,0.0127350426274124
Financials,44424,92.849998,1.7184,-0.0222198928203442,2.22198928203442,0.0278301897564695
Financials,44431,96.089996,2.1951,0.034894971133979,3.4894971133979,0.040386307608649
Financials,44438,94.169998,2.0166,-0.0199812475796127,1.99812475796127,0.0388033463782568
Financials,44445,92.699997,1.3695,-0.0156100778509097,1.56100778509097,0.00309088375688325
Financials,44452,92.839996,1.4468,0.00151023737357847,0.151023737357847,0.0121058909912869
Financials,44459,94.650002,2.8563,0.0194959724039627,1.94959724039627,0.0127178352046091
Financials,44466,94.110001,3.3956,-0.0057052402386637,0.57052402386637,0.0178199483537253
Financials,44473,96.400002,2.3636,0.0243332374420016,2.43332374420016,0.0212404112645192
Financials,44480,97.599998,2.7122,0.0124480910280478,1.24480910280478,0.0084040676247017
Financials,44487,100.470001,3.7145,0.0294057690452001,2.94057690452001,0.0119908891191064
Financials,44494,99.650002,2.4054,-0.00816163025617966,0.816163025617966,0.0265641627975484
Financials,44501,99.919998,2.31,0.00270944299629816,0.270944299629816,0.00768700961560277
Financials,44508,100.080002,2.2983,0.00160132108889743,0.160132108889743,0.000783560515104426
Financials,44515,97.440002,3.1464,-0.0263788963553376,2.63788963553376,0.0197850014938927
Financials,44522,96.510002,2.9089,-0.0095443347794677,0.95443347794677,0.0119038326486001
Financials,44529,94.440002,5.0305,-0.0214485541094486,2.14485541094486,0.00841755421296145
Financials,44536,96.660004,2.3756,0.0235070092438159,2.35070092438159,0.0317883836991547
Financials,44543,94.589996,3.4754,-0.0214153518967369,2.14153518967369,0.0317649061893959
Financials,44550,96.099998,4.3275,0.0159636543382453,1.59636543382453,0.0264309487827702
Financials,44557,96.57,3.137,0.00489075972717501,0.489075972717501,0.00782971886685179
Financials,44564,101.059998,5.8785,0.046494749922336,4.6494749922336,0.029418463591417
Financials,44571,100.459999,6.4031,-0.00593705731124194,0.593705731124194,0.0370748864447289
Financials,44578,93.849998,5.6499,-0.065797342880722,6.5797342880722,0.0423276138499426
Financials,44585,94.870003,5.7881,0.0108684605406171,1.08684605406171,0.0542109094843437
Financials,44592,98.230003,6.0635,0.0354168851454553,3.54168851454553,0.0173583575055278
Financials,44599,98.599998,0.6095,0.00376661904408171,0.376661904408171,0.02238011778664
IT,44235,380.609985,2.2057,0,0,0
IT,44242,373.809998,1.5357,-0.0178660236672455,1.78660236672455,0.0126331864879487
IT,44249,356.5,3.6442,-0.0463069422771298,4.63069422771298,0.0201107664122239
IT,44256,348.399994,3.8229,-0.0227209144460028,2.27209144460028,0.0166778402206446
IT,44263,356.950012,3.4369,0.0245408098370978,2.45408098370978,0.0334190857311494
IT,44270,351.540009,2.548,-0.0151561922345587,1.51561922345587,0.0280700193576447
IT,44277,357.589996,2.3518,0.0172099529075223,1.72099529075223,0.0228863207108334
IT,44284,365.970001,1.5568,0.0234346740505571,2.34346740505571,0.00440154253123522
IT,44291,381.950012,1.7931,0.0436648112040199,4.36648112040199,0.0143048671655475
IT,44298,386.48999,2.0357,0.0118863145892505,1.18863145892505,0.0224707904522172
IT,44305,384.920013,2.3259,-0.0040621414282942,0.40621414282942,0.0112772613994613
IT,44312,376.940002,2.0459,-0.020731608465367,2.0731608465367,0.0117870931806798
IT,44319,372.5,2.2597,-0.0117790682242316,1.17790682242316,0.00633040191335233
IT,44326,364.119995,2.9352,-0.0224966577181207,2.24966577181207,0.0075784802091027
IT,44333,365.640015,1.6489,0.00417450296845123,0.417450296845123,0.0188593585835911
IT,44340,372.279999,1.7278,0.0181598942336767,1.81598942336767,0.00988916500118804
IT,44347,375.700012,1.5457,0.009186668661187,0.9186668661187,0.006345028651424
IT,44354,382.399994,1.5656,0.0178333292147992,1.78333292147992,0.00611411231207741
IT,44361,384.179993,3.4947,0.00465480917345418,0.465480917345418,0.00931862088723788
IT,44368,393.049988,1.8154,0.0230881231756386,2.30881231756386,0.0130343213306855
IT,44375,403.709991,2.5324,0.0271212398561376,2.71212398561376,0.00285184415409742
IT,44382,407.109985,2.3351,0.00842187232368996,0.842187232368996,0.0132224495860933
IT,44389,402.279999,3.9076,-0.0118640813980527,1.18640813980527,0.0143443354394807
IT,44396,414.730011,3.8771,0.0309486229266895,3.09486229266895,0.0302731535489599
IT,44403,412.209991,3.2236,-0.00607629043753954,0.607629043753954,0.0261805673126908
IT,44410,416.480011,1.5665,0.0103588464453304,1.03588464453304,0.0116213967396064
IT,44417,416.079987,2.231,-0.000960487873210236,0.0960487873210236,0.00800397805515766
IT,44424,416.279999,1.8692,0.000480705648551183,0.0480705648551183,0.00101907771223962
IT,44431,425.089996,1.6464,0.0211636327019402,2.11636327019402,0.0146250379742381
IT,44438,429.350006,3.2855,0.0100214308501394,1.00214308501394,0.00787872648675767
IT,44445,420.769989,1.3949,-0.0199837356005533,1.99837356005533,0.0212168566679159
IT,44452,418.869995,3.699,-0.00451551690869278,0.451551690869278,0.0109376823298911
IT,44459,422.559998,4.9587,0.00880942307648458,0.880942307648458,0.00942215542242269
IT,44466,406.859985,3.6636,-0.0371545178774826,3.71545178774826,0.0325014143386083
IT,44473,407.929993,5.1486,0.0026299170216999,0.26299170216999,0.0281318437028867
IT,44480,419.859985,2.0857,0.029245194530229,2.9245194530229,0.0188198432094427
IT,44487,426.869995,2.1022,0.0166960659516053,1.66960659516053,0.0088735739159267
IT,44494,434.160004,1.4759,0.0170778201452177,1.70778201452177,0.000269940979049741
IT,44501,448.089996,1.653,0.0320849269201682,3.20849269201682,0.010611626966558
IT,44508,449.399994,2.9235,0.0029235153913143,0.29235153913143,0.0206202318410241
IT,44515,457.470001,3.6236,0.0179572921845657,1.79572921845657,0.010630485517353
IT,44522,442.119995,3.2415,-0.0335541258802673,3.35541258802673,0.0364240730221786
IT,44529,436,3.6882,-0.0138423845770649,1.38423845770649,0.0139383059444894
IT,44536,460.040009,2.085,0.0551376353211008,5.51376353211008,0.048776239836376
IT,44543,442.059998,2.5759,-0.0390835810978345,3.90835810978345,0.0666244610614744
IT,44550,456.48999,1.7206,0.0326426097481907,3.26426097481907,0.0507180759359049
IT,44557,458.170013,2.1319,0.00368030633048488,0.368030633048488,0.0204794411454421
IT,44564,434.859985,4.8886,-0.0508763719549669,5.08763719549669,0.0385773971746558
IT,44571,433.470001,5.5606,-0.00319639435208086,0.319639435208086,0.0337148354898234
IT,44578,402.429993,5.7392,-0.0716082034013699,7.16082034013699,0.0483744540919915
IT,44585,409.839996,12.5453,0.0184131479484433,1.84131479484433,0.0636547079910296
IT,44592,416.079987,3.9215,0.0152254320244529,1.52254320244529,0.00225405554634993
IT,44599,414.040009,0.3509,-0.0049028505665667,0.49028505665667,0.0142328451137491
Comm.Svc,44235,31.93,0.7165,0,0,0
Comm.Svc,44242,31.799999,1.1005,-0.00407143751957406,0.407143751957406,0.00287894107926816
Comm.Svc,44249,30.629999,1.3654,-0.036792453987184,3.6792453987184,0.0231372526315637
Comm.Svc,44256,31.200001,1.3418,0.0186092725631495,1.86092725631495,0.0391749365331836
Comm.Svc,44263,32.169998,0.9551,0.0310896464394343,3.10896464394343,0.00882495699966447
Comm.Svc,44270,32.139999,0.9731,-0.000932514823283381,0.0932514823283381,0.0226430873771169
Comm.Svc,44277,32.560001,0.8219,0.0130678908857464,1.30678908857464,0.00989978181621784
Comm.Svc,44284,32.619999,1.3937,0.00184269036109663,0.184269036109663,0.00793741541115867
Comm.Svc,44291,32.799999,0.4816,0.00551808723231417,0.551808723231417,0.00259889805118974
Comm.Svc,44298,33.049999,1.5762,0.00762195145188871,0.762195145188871,0.0014876566563569
Comm.Svc,44305,33.150002,0.5323,0.00302580947128028,0.302580947128028,0.00324996316178439
Comm.Svc,44312,32.849998,0.662,-0.00904989387330957,0.904989387330957,0.00853881172255655
Comm.Svc,44319,33.849998,0.9191,0.0304414021577719,3.04414021577719,0.0279245632214231
Comm.Svc,44326,33.689999,1.7062,-0.00472670633540362,0.472670633540362,0.0248676079970286
Comm.Svc,44333,33.02,1.8172,-0.0198871777942171,1.98871777942171,0.0107200721745121
Comm.Svc,44340,33.150002,1.1111,0.0039370684433675,0.39370684433675,0.0168462860712542
Comm.Svc,44347,33.68,0.6512,0.0159878723385898,1.59878723385898,0.00852120515306094
Comm.Svc,44354,33.799999,1.337,0.00356291567695965,0.356291567695965,0.00878577111138763
Comm.Svc,44361,32.75,1.3169,-0.0310650600906822,3.10650600906822,0.024485676484063
Comm.Svc,44368,33.540001,1.2016,0.0241221679389312,2.41221679389312,0.0390232631746279
Comm.Svc,44375,33.540001,1.8784,0,0,0.017056948526539
Comm.Svc,44382,33.650002,0.809,0.00327969578772525,0.327969578772525,0.00231909513172948
Comm.Svc,44389,33.189999,0.5611,-0.0136702220701206,1.36702220701206,0.0119854018578377
Comm.Svc,44396,33.630001,1.2671,0.0132570657805684,1.32570657805684,0.0190404678381843
Comm.Svc,44403,33.830002,1.3,0.00594710062601544,0.594710062601544,0.00516892593102176
Comm.Svc,44410,33.77,0.5854,-0.00177363276537779,0.177363276537779,0.00545938293678756
Comm.Svc,44417,34,0.5239,0.00681077879774938,0.681077879774938,0.00607009562878343
Comm.Svc,44424,34.060001,0.7647,0.00176473529411769,0.176473529411769,0.00356809157958029
Comm.Svc,44431,34.43,0.6275,0.0108631529400132,1.08631529400132,0.00643355281548003
Comm.Svc,44438,34.669998,0.6341,0.00697060702875407,0.697060702875407,0.00275244560993127
Comm.Svc,44445,33.830002,0.8215,-0.0242283255972497,2.42283255972497,0.0220609768256295
Comm.Svc,44452,33.650002,1.2354,-0.00532072093876912,0.532072093876912,0.013369695470006
Comm.Svc,44459,33.049999,0.8021,-0.0178306973057535,1.78306973057535,0.0088458891215781
Comm.Svc,44466,32.860001,0.7458,-0.00574880501509256,0.574880501509256,0.00854318796829181
Comm.Svc,44473,32.41,0.8623,-0.0136944913665705,1.36944913665705,0.00561844870031147
Comm.Svc,44480,32.150002,1.0662,-0.00802215365627879,0.802215365627879,0.00401094846012747
Comm.Svc,44487,32.349998,1.1439,0.00622071500959787,0.622071500959787,0.0100712290171908
Comm.Svc,44494,31.799999,0.544,-0.0170015157342513,1.70015157342513,0.0164205968332545
Comm.Svc,44501,33.09,1.2731,0.0405660704580526,4.05660704580526,0.0407064305731192
Comm.Svc,44508,32.689999,0.7212,-0.0120882744031431,1.20882744031431,0.0372322443102865
Comm.Svc,44515,31.51,2.8568,-0.0360966361608025,3.60966361608025,0.0169764754040207
Comm.Svc,44522,31.48,1.8485,-0.000952078705172998,0.0952078705172998,0.0248509548986759
Comm.Svc,44529,31.23,8.9694,-0.00794155019059717,0.794155019059717,0.00494230268425344
Comm.Svc,44536,31.629999,3.2377,0.0128081652257446,1.28081652257446,0.0146722644785863
Comm.Svc,44543,32.310001,6.8465,0.0214986412108327,2.14986412108327,0.00614509450079464
Comm.Svc,44550,32.830002,1.4795,0.0160941189695414,1.60941189695414,0.00382157432589059
Comm.Svc,44557,32.91,2.2411,0.00243673454543192,0.243673454543192,0.00965722913955933
Comm.Svc,44564,32.529999,2.3083,-0.0115466727438469,1.15466727438469,0.00988776211834246
Comm.Svc,44571,32.400002,2.3439,-0.00399621899773184,0.399621899773184,0.00533897704491334
Comm.Svc,44578,30.68,2.1472,-0.0530864782045384,5.30864782045384,0.0347120551753382
Comm.Svc,44585,30.51,12.7439,-0.00554106910039109,0.554106910039109,0.0336196811918312
Comm.Svc,44592,30.549999,2.9523,0.00131101278269408,0.131101278269408,0.00484515356477501
Comm.Svc,44599,30.5,0.4419,-0.00163662853147717,0.163662853147717,0.00208429716175611
Utilities,44235,137.509995,0.8315,0,0,0
Utilities,44242,135.289993,0.8022,-0.0161442955473891,1.61442955473891,0.0114157408590386
Utilities,44249,128.270004,1.9015,-0.0518884571159672,5.18884571159672,0.0252749390329692
Utilities,44256,131.259995,1.8471,0.0233101341448465,2.33101341448465,0.0531734338161968
Utilities,44263,137.350006,1.6803,0.0463965506017276,4.63965506017276,0.0163245616299574
Utilities,44270,136.610001,1.3461,-0.00538773183599273,0.538773183599273,0.0366170172705915
Utilities,44277,139.220001,1.6754,0.0191054826212906,1.91054826212906,0.0173193180358015
Utilities,44284,140.369995,1.0429,0.00826026427050519,0.826026427050519,0.00766872743928917
Utilities,44291,142.039993,0.9234,0.0118971151918901,1.18971151918901,0.00257164194867579
Utilities,44298,147.119995,1.2011,0.0357645892027041,3.57645892027041,0.0168768527228403
Utilities,44305,145.570007,1.0501,-0.0105355359752424,1.05355359752424,0.032739132483112
Utilities,44312,145.820007,0.9895,0.00171738674162469,0.171738674162469,0.0086641247424514
Utilities,44319,144.509995,0.8325,-0.00898376036972759,0.898376036972759,0.00756685368891203
Utilities,44326,144.080002,1.3919,-0.00297552428812964,0.297552428812964,0.0042484644762676
Utilities,44333,144.369995,1.3145,0.00201272207089498,0.201272207089498,0.00352722282669541
Utilities,44340,142.410004,0.7042,-0.0135761658785124,1.35761658785124,0.0110230083801832
Utilities,44347,143.100006,0.4893,0.00484517927546735,0.484517927546735,0.013025858076957
Utilities,44354,145.080002,0.6658,0.013836449454796,1.3836449454796,0.00635778811528368
Utilities,44361,140.419998,0.7548,-0.0321202366677663,3.21202366677663,0.0324962843981255
Utilities,44368,140.449997,0.9758,0.000213637661496069,0.0213637661496069,0.0228635018002551
Utilities,44375,140.5,1.1213,0.000356019943524855,0.0356019943524855,0.00010067947714337
Utilities,44382,141.699997,0.6796,0.00854090391459073,0.854090391459073,0.00578758695916575
Utilities,44389,144.889999,0.746,0.0225123646262322,2.25123646262322,0.0098793146122831
Utilities,44396,143.690002,1.0339,-0.00828212442737331,0.828212442737331,0.0217749920329793
Utilities,44403,144.199997,1.1606,0.00354927269052441,0.354927269052441,0.00836606113297645
Utilities,44410,147.369995,0.9307,0.0219833430371015,2.19833430371015,0.0130348561469345
Utilities,44417,149.759995,0.6529,0.0162176839322008,1.62176839322008,0.00407693665108523
Utilities,44424,152.149994,0.8279,0.0159588613768316,1.59588613768316,0.000183015184025622
Utilities,44431,149.270004,1.0427,-0.0189286238157853,1.89286238157853,0.0246691773582446
Utilities,44438,151.440002,0.9177,0.0145374016336195,1.45374016336195,0.0236640535346357
Utilities,44445,148.929993,0.8735,-0.0165742800241114,1.65742800241114,0.0219992810742987
Utilities,44452,144.619995,1.2467,-0.0289397582930122,2.89397582930122,0.00874371353655462
Utilities,44459,143,0.9399,-0.0112017359701886,1.12017359701886,0.0125426758693069
Utilities,44466,139.210007,1.1078,-0.0265034475524476,2.65034475524476,0.0108199440235761
Utilities,44473,141.520004,1.0808,0.0165936131301252,1.65936131301252,0.0304742238578554
Utilities,44480,143.660004,0.9481,0.0151215371644562,1.51215371644562,0.00104091489774629
Utilities,44487,146.869995,0.6915,0.0223443610651717,2.23443610651717,0.00510730775951219
Utilities,44494,146.259995,0.7045,-0.004153333020812,0.4153333020812,0.0187366991740057
Utilities,44501,147.029999,0.8434,0.00526462482102508,0.526462482102508,0.00665950185489202
Utilities,44508,146.160004,0.8285,-0.00591712579689274,0.591712579689274,0.00790669168746656
Utilities,44515,147.509995,0.8591,0.00923639137284105,0.923639137284105,0.0107151547495455
Utilities,44522,146.179993,0.6648,-0.0090163517394195,0.90163517394195,0.0129066384299355
Utilities,44529,147.240005,1.3022,0.00725141640963134,0.725141640963134,0.0115030491729644
Utilities,44536,151.059998,1.1065,0.0259439885240429,2.59439885240429,0.013217644499919
Utilities,44543,151.839996,1.0286,0.00516349801619898,0.516349801619898,0.0146940257544791
Utilities,44550,152.380005,0.9494,0.00355643449832543,0.355643449832543,0.00113636551128589
Utilities,44557,156.399994,0.8345,0.0263813418302485,2.63813418302485,0.0161396467543574
Utilities,44564,153.910004,1.4189,-0.0159206527846798,1.59206527846798,0.0299120272499326
Utilities,44571,151.850006,1.3084,-0.0133844321126778,1.33844321126778,0.00179337883575811
Utilities,44578,150.089996,1.4055,-0.0115904506450925,1.15904506450925,0.0012685364610526
Utilities,44585,148.389999,3.338,-0.0113265177247391,1.13265177247391,0.000186628757760199
Utilities,44592,149.100006,1.3535,0.00478473620044984,0.478473620044984,0.0113923769039195
Utilities,44599,148.910004,0.1901,-0.00127432590445387,0.127432590445387,0.00428440390200784
RealEstate,44235,89.589996,15.1673,0,0,0
RealEstate,44242,88.919998,13.1388,-0.00747849123690092,0.747849123690092,0.00528809186665681
RealEstate,44249,87.870003,25.4911,-0.0118083111067997,1.18083111067997,0.00306164499132168
RealEstate,44256,86.860001,29.8166,-0.0114942752420299,1.14942752420299,0.000222056889514469
RealEstate,44263,91.620003,19.2191,0.0548008513147495,5.48008513147495,0.0468777335479192
RealEstate,44270,90.489998,20.7374,-0.0123336057956689,1.23336057956689,0.0474712298740543
RealEstate,44277,92.839996,17.8713,0.0259696988831848,2.59696988831848,0.0270845264802719
RealEstate,44284,93.529999,20.8303,0.00743217395226958,0.743217395226958,0.0131080095850648
RealEstate,44291,93.739998,22.7953,0.00224525822992905,0.224525822992905,0.00366770328071011
RealEstate,44298,96.120003,21.6238,0.0253894287473742,2.53894287473742,0.0163653999178232
RealEstate,44305,97.779999,20.6914,0.0172700369141687,1.72700369141687,0.00574127702437023
RealEstate,44312,99.080002,19.6953,0.0132951831999915,1.32951831999915,0.00281064601551929
RealEstate,44319,98.440002,29.408,-0.00645942659548981,0.645942659548981,0.013968618546079
RealEstate,44326,97.080002,21.1303,-0.0138155218647803,1.38155218647803,0.00520154484796958
RealEstate,44333,97.879997,15.769,0.00824057461391492,0.824057461391492,0.0155960153865901
RealEstate,44340,99.879997,20.0252,0.0204331841162602,2.04331841162602,0.00862147685946785
RealEstate,44347,102.540001,16.1399,0.0266319991979975,2.66319991979975,0.00438322417961793
RealEstate,44354,105.080002,19.2361,0.024770830653688,2.4770830653688,0.00131604489861235
RealEstate,44361,101.790001,22.543,-0.0313094874132186,3.13094874132186,0.0396547731962081
RealEstate,44368,102.910004,16.4121,0.0110030748501515,1.10030748501515,0.029919499705807
RealEstate,44375,102.540001,25.301,-0.00359540361110078,0.359540361110078,0.0103226831149572
RealEstate,44382,105.059998,21.7713,0.0245757458106519,2.45757458106519,0.0199200107899408
RealEstate,44389,105.309998,23.9246,0.00237959265904419,0.237959265904419,0.015695050409757
RealEstate,44396,105.849998,22.4872,0.00512771826279979,0.512771826279979,0.00194321824996795
RealEstate,44403,106.290001,17.2146,0.00415685411727651,0.415685411727651,0.000686504620910391
RealEstate,44410,106.910004,19.3551,0.00583312629755262,0.583312629755262,0.00118530342578759
RealEstate,44417,106.760002,15.2486,-0.0014030679486271,0.14030679486271,0.00511676202145676
RealEstate,44424,106.589996,16.9187,-0.00159241285889078,0.159241285889078,0.000133887070030605
RealEstate,44431,107,15.3758,0.00384655235375009,0.384655235375009,0.00384592918449609
RealEstate,44438,110.919998,23.1616,0.0366354953271029,3.66354953271029,0.0231852839243967
RealEstate,44445,106.400002,21.3104,-0.0407500548278049,4.07500548278049,0.054719847280387
RealEstate,44452,106.400002,23.9704,0,0,0.0288146401024645
RealEstate,44459,104.830002,24.153,-0.0147556388203828,1.47556388203828,0.0104338122706321
RealEstate,44466,103.220001,30.7599,-0.0153582082350814,1.53582082350814,0.000426080919268993
RealEstate,44473,102.809998,24.891,-0.00397212745618947,0.397212745618947,0.00805117492989228
RealEstate,44480,106.379997,15.459,0.0347242395627709,3.47242395627709,0.0273624635263904
RealEstate,44487,109.040001,22.2701,0.0250047384378098,2.50047384378098,0.00687272515521029
RealEstate,44494,109.040001,18.8103,0,0,0.0176810201111712
RealEstate,44501,109.980003,18.5633,0.00862070791800518,0.862070791800518,0.00609576102745002
RealEstate,44508,109.669998,15.2723,-0.00281873969397861,0.281873969397861,0.00808891097946199
RealEstate,44515,109.419998,16.1669,-0.00227956601221058,0.227956601221058,0.000381253366615495
RealEstate,44522,108,13.962,-0.0129774997802504,1.29774997802504,0.00756458151206553
RealEstate,44529,107.769997,34.7358,-0.00212965740740734,0.212965740740734,0.00767058290308011
RealEstate,44536,110.760002,25.6705,0.0277443173724872,2.77443173724872,0.0211240901478593
RealEstate,44543,111.739998,32.5359,0.00884792327829675,0.884792327829675,0.0133617684039755
RealEstate,44550,113.150002,21.8173,0.012618614866988,1.2618614866988,0.00266628159212666
RealEstate,44557,116.010002,26.0891,0.0252761816124405,2.52761816124405,0.00895025127903079
RealEstate,44564,111.029999,35.0775,-0.0429273589703066,4.29273589703066,0.0482271860469924
RealEstate,44571,109.470001,26.838,-0.0140502388007768,1.40502388007768,0.0204192074930134
RealEstate,44578,105.230003,25.9532,-0.0387320540903257,3.87320540903257,0.0174526789632338
RealEstate,44585,104.949997,49.5621,-0.00266089510612288,0.266089510612288,0.0255061611229878
RealEstate,44592,105.019997,34.0057,0.000666984297293505,0.0666984297293505,0.00235316609312677
RealEstate,44599,104.870003,5.846,-0.00142824228037264,0.142824228037264,0.00148154892119001
